,table_id,column_id,labels,data,label_ids
0,27289759-6,0,[],Wagner Diniz André Astorga Luizinho Sérgio Felipe Azevedo Eli Sabiá Adaílton Jean Triguinho Fabão Kléber Pereira Rodrigo Souto Fabiano Dionísio Filipi Souza Patrik Luciano Castan Germano George Lucas Giovanni André Robinho Wesley,"[0, 0, 0, 0, 0, 0, 0, 0, 0, 0, 0, 0, 0, 0, 0, 0, 0, 0, 0, 0, 0, 0, 0, 0, 0, 0, 0, 0, 0, 0, 0, 0, 0, 0, 0, 0, 0, 0, 0, 0, 0, 0, 0, 0, 0, 0, 0, 0, 0, 0, 0, 0, 0, 0, 0, 0, 0, 0, 0, 0, 0, 0, 0, 0, 0, 0, 0, 0, 0, 0, 0, 0, 0, 0, 0, 0, 0, 0, 0, 0, 0, 0, 0, 0, 0, 0, 0, 0, 0, 0, 0, 0, 0, 0, 0, 0, 0, 0, 0, 0, 0, 0, 0, 0, 0, 0, 0, 0, 0, 0, 0, 0, 0, 0, 0, 0, 0, 0, 0, 0, 0]"
1,27289759-6,1,"['sports.pro_athlete.teams-sports.sports_team_roster.position', 'soccer.football_player.position_s']",DF DF DF GK MF DF DF FW DF DF DF FW FW MF FW MF DF MF DF MF DF MF FW FW MF,"[0, 0, 0, 0, 0, 0, 0, 0, 0, 0, 0, 0, 0, 0, 0, 0, 0, 0, 0, 0, 0, 0, 0, 0, 0, 0, 0, 0, 0, 0, 0, 0, 0, 0, 0, 0, 0, 0, 0, 0, 0, 0, 0, 0, 0, 0, 0, 0, 0, 0, 0, 0, 0, 0, 0, 0, 0, 0, 0, 0, 0, 0, 0, 0, 0, 0, 0, 0, 0, 0, 0, 0, 0, 0, 0, 0, 0, 0, 0, 0, 0, 0, 0, 0, 0, 0, 0, 0, 0, 0, 0, 0, 1, 0, 0, 1, 0, 0, 0, 0, 0, 0, 0, 0, 0, 0, 0, 0, 0, 0, 0, 0, 0, 0, 0, 0, 0, 0, 0, 0, 0]"
2,27296425-1,0,[],2007–08 2008–09 2009–10 2010–11 2011–12,"[0, 0, 0, 0, 0, 0, 0, 0, 0, 0, 0, 0, 0, 0, 0, 0, 0, 0, 0, 0, 0, 0, 0, 0, 0, 0, 0, 0, 0, 0, 0, 0, 0, 0, 0, 0, 0, 0, 0, 0, 0, 0, 0, 0, 0, 0, 0, 0, 0, 0, 0, 0, 0, 0, 0, 0, 0, 0, 0, 0, 0, 0, 0, 0, 0, 0, 0, 0, 0, 0, 0, 0, 0, 0, 0, 0, 0, 0, 0, 0, 0, 0, 0, 0, 0, 0, 0, 0, 0, 0, 0, 0, 0, 0, 0, 0, 0, 0, 0, 0, 0, 0, 0, 0, 0, 0, 0, 0, 0, 0, 0, 0, 0, 0, 0, 0, 0, 0, 0, 0, 0]"
3,27296425-1,1,['time.event.instance_of_recurring_event'],Persian Gulf Cup Azadegan Persian Gulf Cup Persian Gulf Cup Azadegan League,"[0, 0, 0, 0, 0, 0, 0, 0, 0, 0, 0, 0, 0, 0, 0, 0, 0, 0, 0, 0, 0, 0, 0, 0, 0, 0, 0, 0, 0, 0, 0, 0, 0, 0, 0, 0, 0, 0, 0, 0, 0, 0, 0, 0, 0, 0, 0, 0, 0, 0, 0, 0, 0, 0, 0, 0, 0, 0, 0, 0, 0, 0, 0, 0, 0, 0, 0, 0, 0, 0, 0, 0, 0, 0, 0, 0, 0, 0, 0, 0, 0, 0, 0, 0, 0, 0, 0, 0, 0, 0, 0, 0, 0, 0, 0, 0, 0, 0, 0, 0, 0, 0, 0, 0, 0, 0, 0, 0, 0, 0, 0, 0, 1, 0, 0, 0, 0, 0, 0, 0, 0]"
4,37822945-3,0,[],Busan IPark Chunnam Dragons Daegu FC Daejeon Citizen Gangwon FC Gyeongnam FC Incheon United Jeju United Jeonbuk Hyundai Motors Pohang Steelers Seongnam Ilhwa Chunma FC Seoul Suwon Samsung Bluewings Ulsan Hyundai,"[0, 0, 0, 0, 0, 0, 0, 0, 0, 0, 0, 0, 0, 0, 0, 0, 0, 0, 0, 0, 0, 0, 0, 0, 0, 0, 0, 0, 0, 0, 0, 0, 0, 0, 0, 0, 0, 0, 0, 0, 0, 0, 0, 0, 0, 0, 0, 0, 0, 0, 0, 0, 0, 0, 0, 0, 0, 0, 0, 0, 0, 0, 0, 0, 0, 0, 0, 0, 0, 0, 0, 0, 0, 0, 0, 0, 0, 0, 0, 0, 0, 0, 0, 0, 0, 0, 0, 0, 0, 0, 0, 0, 0, 0, 0, 0, 0, 0, 0, 0, 0, 0, 0, 0, 0, 0, 0, 0, 0, 0, 0, 0, 0, 0, 0, 0, 0, 0, 0, 0, 0]"
5,37822945-3,1,['sports.sports_team.roster-sports.sports_team_roster.player'],Fagner Wesley Feitosa Leandrinho João Paulo Wesley Miloš Bosančić Diogo Acosta Pedro Júnior Kevin Oris Edcarlos Adilson dos Santos Santos Junior Caíque,"[0, 0, 0, 0, 0, 0, 0, 0, 0, 0, 0, 0, 0, 0, 0, 0, 0, 0, 0, 0, 0, 0, 0, 0, 0, 0, 0, 0, 0, 0, 0, 0, 0, 0, 0, 0, 0, 0, 0, 0, 0, 0, 0, 0, 0, 0, 0, 0, 0, 0, 0, 0, 0, 0, 0, 0, 0, 0, 0, 0, 0, 0, 0, 0, 0, 0, 0, 0, 0, 0, 0, 0, 0, 0, 0, 0, 0, 0, 0, 0, 0, 0, 0, 0, 0, 0, 0, 0, 0, 0, 0, 0, 0, 0, 0, 0, 0, 0, 0, 0, 0, 0, 0, 0, 0, 0, 0, 0, 0, 1, 0, 0, 0, 0, 0, 0, 0, 0, 0, 0, 0]"
6,37822945-3,2,['sports.sports_team.roster-sports.sports_team_roster.player'],Robert Cornthwaite Yuta Baba Brendan Hamill Luke DeVere Adrian Madaschi Alex Wilkinson Server Djeparov Sergio Escudero Chikashi Masuda,"[0, 0, 0, 0, 0, 0, 0, 0, 0, 0, 0, 0, 0, 0, 0, 0, 0, 0, 0, 0, 0, 0, 0, 0, 0, 0, 0, 0, 0, 0, 0, 0, 0, 0, 0, 0, 0, 0, 0, 0, 0, 0, 0, 0, 0, 0, 0, 0, 0, 0, 0, 0, 0, 0, 0, 0, 0, 0, 0, 0, 0, 0, 0, 0, 0, 0, 0, 0, 0, 0, 0, 0, 0, 0, 0, 0, 0, 0, 0, 0, 0, 0, 0, 0, 0, 0, 0, 0, 0, 0, 0, 0, 0, 0, 0, 0, 0, 0, 0, 0, 0, 0, 0, 0, 0, 0, 0, 0, 0, 1, 0, 0, 0, 0, 0, 0, 0, 0, 0, 0, 0]"
7,15664872-4,0,[],1942 1945 1950 1954 1955 1964 1965 1971 1987 1994 2001 2003 2004 2006 2009 2011,"[0, 0, 0, 0, 0, 0, 0, 0, 0, 0, 0, 0, 0, 0, 0, 0, 0, 0, 0, 0, 0, 0, 0, 0, 0, 0, 0, 0, 0, 0, 0, 0, 0, 0, 0, 0, 0, 0, 0, 0, 0, 0, 0, 0, 0, 0, 0, 0, 0, 0, 0, 0, 0, 0, 0, 0, 0, 0, 0, 0, 0, 0, 0, 0, 0, 0, 0, 0, 0, 0, 0, 0, 0, 0, 0, 0, 0, 0, 0, 0, 0, 0, 0, 0, 0, 0, 0, 0, 0, 0, 0, 0, 0, 0, 0, 0, 0, 0, 0, 0, 0, 0, 0, 0, 0, 0, 0, 0, 0, 0, 0, 0, 0, 0, 0, 0, 0, 0, 0, 0, 0]"
8,15664872-4,1,['sports.sports_championship_event.champion'],Toronto Maple Leafs Toronto Maple Leafs Detroit Red Wings Detroit Red Wings Detroit Red Wings Toronto Maple Leafs Montreal Canadiens Montreal Canadiens Edmonton Oilers New York Rangers Colorado Avalanche New Jersey Devils Tampa Bay Lightning Carolina Hurricanes Pittsburgh Penguins Boston Bruins,"[0, 0, 0, 0, 0, 0, 0, 0, 0, 0, 0, 0, 0, 0, 0, 0, 0, 0, 0, 0, 0, 0, 0, 0, 0, 0, 0, 0, 0, 0, 0, 0, 0, 0, 0, 0, 0, 0, 0, 0, 0, 0, 0, 0, 0, 0, 0, 0, 0, 0, 0, 0, 0, 0, 0, 0, 0, 0, 0, 0, 0, 0, 0, 0, 0, 0, 0, 0, 0, 0, 0, 0, 0, 0, 0, 0, 0, 0, 0, 0, 0, 0, 0, 0, 0, 0, 0, 0, 0, 0, 0, 0, 0, 0, 0, 0, 0, 0, 1, 0, 0, 0, 0, 0, 0, 0, 0, 0, 0, 0, 0, 0, 0, 0, 0, 0, 0, 0, 0, 0, 0]"
9,23154307-1,0,[],"CIDA City Campus Gordon Institute of Business Science (GIBS) Henley Management College, South Africa Management College of Southern Africa Milpark Business School Regenesys Business School Regent Business School Tshwane University of Technology Business School UCT Graduate School of Business (GSB) University of Stellenbosch Business School (USB) University of the Free State Business School Wits Business School (WBS)","[0, 0, 0, 0, 0, 0, 0, 0, 0, 0, 0, 0, 0, 0, 0, 0, 0, 0, 0, 0, 0, 0, 0, 0, 0, 0, 0, 0, 0, 0, 0, 0, 0, 0, 0, 0, 0, 0, 0, 0, 0, 0, 0, 0, 0, 0, 0, 0, 0, 0, 0, 0, 0, 0, 0, 0, 0, 0, 0, 0, 0, 0, 0, 0, 0, 0, 0, 0, 0, 0, 0, 0, 0, 0, 0, 0, 0, 0, 0, 0, 0, 0, 0, 0, 0, 0, 0, 0, 0, 0, 0, 0, 0, 0, 0, 0, 0, 0, 0, 0, 0, 0, 0, 0, 0, 0, 0, 0, 0, 0, 0, 0, 0, 0, 0, 0, 0, 0, 0, 0, 0]"
10,23154307-1,1,['organization.organization.headquarters-location.mailing_address.citytown'],Johannesburg Johannesburg 1 Durban Johannesburg Durban Johannesburg Port Elizabeth Mafikeng Potchefstroom Johannesburg Johannesburg Grahamstown Johannesburg Cape Town Midrand Pretoria Polokwane Cape Town Cape Town Bloemfontein Johannesburg Johannesburg,"[0, 0, 0, 0, 0, 0, 0, 0, 0, 0, 0, 0, 0, 0, 0, 0, 0, 0, 0, 0, 0, 0, 0, 0, 0, 0, 0, 0, 0, 0, 0, 0, 0, 0, 0, 0, 0, 0, 0, 0, 0, 0, 0, 0, 0, 0, 0, 0, 0, 0, 0, 0, 0, 0, 0, 0, 0, 0, 0, 0, 0, 0, 0, 0, 0, 0, 0, 0, 0, 0, 0, 0, 0, 0, 0, 0, 0, 0, 0, 0, 0, 0, 1, 0, 0, 0, 0, 0, 0, 0, 0, 0, 0, 0, 0, 0, 0, 0, 0, 0, 0, 0, 0, 0, 0, 0, 0, 0, 0, 0, 0, 0, 0, 0, 0, 0, 0, 0, 0, 0, 0]"
11,23157261-15,0,[],Bangkok Dundee Arvika Suffolk Byron Bay Incheon Niigata Oslo Kiewit- Hasselt Biddinghuizen Edinburgh Cornwall Jersey Landgraaf Isle of Wight Bonn Tuttlingen Scheeßel Werchter St. Gallen Kinross Salzburg Chelmsford South Staffordshire,"[0, 0, 0, 0, 0, 0, 0, 0, 0, 0, 0, 0, 0, 0, 0, 0, 0, 0, 0, 0, 0, 0, 0, 0, 0, 0, 0, 0, 0, 0, 0, 0, 0, 0, 0, 0, 0, 0, 0, 0, 0, 0, 0, 0, 0, 0, 0, 0, 0, 0, 0, 0, 0, 0, 0, 0, 0, 0, 0, 0, 0, 0, 0, 0, 0, 0, 0, 0, 0, 0, 0, 0, 0, 0, 0, 0, 0, 0, 0, 0, 0, 0, 0, 0, 0, 0, 0, 0, 0, 0, 0, 0, 0, 0, 0, 0, 0, 0, 0, 0, 0, 0, 0, 0, 0, 0, 0, 0, 0, 0, 0, 0, 0, 0, 0, 0, 0, 0, 0, 0, 0]"
12,23157261-15,1,['location.location.containedby'],Thailand Sweden South Korea Netherlands Austria,"[0, 0, 0, 0, 0, 0, 0, 0, 0, 0, 0, 0, 0, 0, 0, 0, 0, 0, 0, 0, 0, 0, 0, 0, 0, 0, 0, 0, 0, 0, 0, 0, 0, 0, 0, 0, 0, 0, 0, 0, 0, 0, 0, 0, 0, 0, 0, 0, 0, 0, 0, 0, 0, 0, 0, 0, 0, 0, 0, 0, 0, 0, 0, 0, 0, 1, 0, 0, 0, 0, 0, 0, 0, 0, 0, 0, 0, 0, 0, 0, 0, 0, 0, 0, 0, 0, 0, 0, 0, 0, 0, 0, 0, 0, 0, 0, 0, 0, 0, 0, 0, 0, 0, 0, 0, 0, 0, 0, 0, 0, 0, 0, 0, 0, 0, 0, 0, 0, 0, 0, 0]"
13,23166636-3,0,[],Ingeborg of Mecklenburg Catherine Elisabeth of Brunswick-Lüneburg Dorothea of Brandenburg Christina of Saxony Isabella of Austria Anna of Brandenburg Sophie of Pomerania Dorothea of Saxe-Lauenburg Sophie of Mecklenburg-Güstrow Anne Catherine of Brandenburg Sophie Amalie of Brunswick-Lüneburg Charlotte Amalie of Hesse-Kassel Louise of Mecklenburg-Güstrow Anne Sophie Reventlow Sophia Magdalene of Brandenburg-Kulmbach Louise of Great Britain Juliana Maria of Brunswick-Wolfenbüttel Caroline Matilda of Great Britain Marie Sophie of Hesse-Kassel Caroline Amalie of Schleswig-Holstein-Sonderburg-Augustenburg Adelheid of Hohenlohe-Langenburg Dorothea of Saxe-Coburg and Gotha Karoline Mathilde of Schleswig-Holstein-Sonderburg-Augustenburg Marie Melita of Hohenlohe-Langenburg Marie Alix of Schaumburg-Lippe Elisabeth of Lippe-Weissenfeld,"[0, 0, 0, 0, 0, 0, 0, 0, 0, 0, 0, 0, 0, 0, 0, 0, 0, 0, 0, 0, 0, 0, 0, 0, 0, 0, 0, 0, 0, 0, 0, 0, 0, 0, 0, 0, 0, 0, 0, 0, 0, 0, 0, 0, 0, 0, 0, 0, 0, 0, 0, 0, 0, 0, 0, 0, 0, 0, 0, 0, 0, 0, 0, 0, 0, 0, 0, 0, 0, 0, 0, 0, 0, 0, 0, 0, 0, 0, 0, 0, 0, 0, 0, 0, 0, 0, 0, 0, 0, 0, 0, 0, 0, 0, 0, 0, 0, 0, 0, 0, 0, 0, 0, 0, 0, 0, 0, 0, 0, 0, 0, 0, 0, 0, 0, 0, 0, 0, 0, 0, 0]"
14,23166636-3,1,['people.person.parents'],"Albert II, Duke of Mecklenburg ( Mecklenburg ) Magnus II, Duke of Brunswick-Lüneburg ( Brunswick-Lüneburg ) John, Margrave of Brandenburg-Kulmbach ( Hohenzollern ) Ernest, Elector of Saxony ( Wettin ) Philip I of Castile ( Habsburg ) John Cicero, Elector of Brandenburg ( Hohenzollern ) Bogislaw X, Duke of Pomerania ( Pomerania ) Magnus I, Duke of Saxe-Lauenburg ( Ascania ) Ulrich III, Duke of Mecklenburg-Güstrow ( Mecklenburg-Güstrow ) Joachim III Frederick, Elector of Brandenburg ( Hohenzollern ) George, Duke of Brunswick-Lüneburg ( Welf ) William VI, Landgrave of Hesse-Kassel ( Hesse-Kassel ) Gustav Adolf, Duke of Mecklenburg-Güstrow ( Mecklenburg-Güstrow ) Conrad, Count Reventlow ( Reventlow ) Christian Heinrich, Margrave of Brandenburg-Bayreuth-Kulmbach ( Hohenzollern ) George II of Great Britain ( Hanover ) Ferdinand Albert II, Duke of Brunswick-Wolfenbüttel ( Brunswick-Bevern ) Frederick, Prince of Wales ( Hanover ) Landgrave Charles of Hesse-Kassel ( Hesse-Kassel ) Frederick Christian II, Duke of Schleswig-Holstein-Sonderburg-Augustenburg ( Schleswig-Holstein-Sonderburg-Augustenburg ) Christian Conrad Sophus, Gount of Danneskjold-Samsöe ( Danneskiold-Samsøe ) Ernst, Prince of Hohenlohe-Langenburg ( Hohenlohe-Langenburg ) Prince Philipp of Saxe-Coburg and Gotha ( Saxe-Coburg and Gotha ) Frederick VIII, Duke of Schleswig-Holstein ( Schleswig-Holstein-Sonderburg-Augustenburg ) Ernst II, Prince of Hohenlohe-Langenburg ( Hohenlohe-Langenburg ) Prince Stephan Alexander Viktor of Schaumburg-Lippe ( Schaumburg-Lippe ) Alfred, Prince of Lippe-Weissenfeld ( Lippe-Weissenfeld )","[0, 0, 0, 0, 0, 0, 0, 0, 0, 0, 0, 0, 0, 0, 0, 0, 0, 0, 0, 0, 0, 0, 0, 0, 0, 0, 0, 0, 0, 0, 0, 0, 0, 0, 0, 0, 0, 0, 0, 0, 0, 0, 0, 0, 0, 0, 0, 0, 0, 0, 0, 0, 0, 0, 0, 0, 0, 0, 0, 0, 0, 0, 0, 0, 0, 0, 0, 0, 0, 0, 0, 0, 0, 0, 0, 0, 0, 0, 0, 0, 0, 0, 0, 0, 0, 0, 0, 0, 1, 0, 0, 0, 0, 0, 0, 0, 0, 0, 0, 0, 0, 0, 0, 0, 0, 0, 0, 0, 0, 0, 0, 0, 0, 0, 0, 0, 0, 0, 0, 0, 0]"
15,23166636-3,2,['people.person.spouse_s-people.marriage.spouse'],Spouse Adolf Spouse Christian I John Christian II Frederick I Frederick I Christian III Frederick II Christian IV Frederick III Christian V Frederick IV Frederick IV Christian VI Frederick V Frederick V Christian VII Frederick VI Christian VIII Spouse Christian Augustus Frederick VIII Ernst Gunther Frederick Ferdinand William Frederick Peter Christoph,"[0, 0, 0, 0, 0, 0, 0, 0, 0, 0, 0, 0, 0, 0, 0, 0, 0, 0, 0, 0, 0, 0, 0, 0, 0, 0, 0, 0, 0, 0, 0, 0, 0, 0, 0, 0, 0, 0, 0, 0, 0, 0, 0, 0, 0, 0, 0, 0, 0, 0, 0, 0, 0, 0, 0, 0, 0, 0, 0, 0, 0, 0, 0, 0, 0, 0, 0, 0, 0, 0, 0, 0, 0, 0, 0, 0, 0, 0, 0, 0, 0, 0, 0, 0, 0, 0, 0, 0, 0, 0, 0, 1, 0, 0, 0, 0, 0, 0, 0, 0, 0, 0, 0, 0, 0, 0, 0, 0, 0, 0, 0, 0, 0, 0, 0, 0, 0, 0, 0, 0, 0]"
16,13570080-1,0,[],ASVEL Lyon-Villeurbanne Akasvayu Girona ALBA Berlin Antwerp Giants Anwil Włocławek Artland Dragons ASCO Śląsk Wrocław ASK Riga Azovmash Mariupol BC Kyiv Benetton Fribourg Benetton Treviso Beşiktaş Cola Turka BK Ventspils ČEZ Nymburk CSU Asesoft Deutsche Bank Skyliners DKV Joventut Dynamo Moscow EiffelTowers Elan Chalon Fortitudo Bologna Gran Canaria Galatasaray Café Crown Guildford Heat Hanzevast Capitals Hapoel Galil Elyon Hapoel Jerusalem Khimki KK Bosna KK Budućnost Podgorica KK FMP KK Hemofarm Köln 99ers Ludwigsburg Lukoil Academic Ovarense Aerosoles Pamesa Valencia Panellinios GS Panionios Forthnet Pau-Orthez PGE Turów Zgorzelec Red Star Belgrade Šiauliai Nancy Spirou Charleroi Strasbourg Swans Gmunden Telindus Oostende Triumph Lyubertsy Türk Telekom UNICS Kazan Zadar,"[0, 0, 0, 0, 0, 0, 0, 0, 0, 0, 0, 0, 0, 0, 0, 0, 0, 0, 0, 0, 0, 0, 0, 0, 0, 0, 0, 0, 0, 0, 0, 0, 0, 0, 0, 0, 0, 0, 0, 0, 0, 0, 0, 0, 0, 0, 0, 0, 0, 0, 0, 0, 0, 0, 0, 0, 0, 0, 0, 0, 0, 0, 0, 0, 0, 0, 0, 0, 0, 0, 0, 0, 0, 0, 0, 0, 0, 0, 0, 0, 0, 0, 0, 0, 0, 0, 0, 0, 0, 0, 0, 0, 0, 0, 0, 0, 0, 0, 0, 0, 0, 0, 0, 0, 0, 0, 0, 0, 0, 0, 0, 0, 0, 0, 0, 0, 0, 0, 0, 0, 0]"
17,13570080-1,1,['sports.sports_team.location'],"Villeurbanne , France Girona , Spain Berlin , Germany Antwerp , Belgium Włocławek , Poland Quakenbrück , Germany Wrocław , Poland Riga , Latvia Mariupol , Ukraine Tallinn , Estonia Kiev , Ukraine Fribourg , Switzerland Treviso , Italy Istanbul , Turkey Ventspils , Latvia Nymburk , Czech Republic Ploieşti , Romania Frankfurt , Germany Badalona , Spain Moscow , Russia Den Bosch , Netherlands Chalon-sur-Saône , France Bologna , Italy Las Palmas , Spain Istanbul , Turkey Guildford , United Kingdom Groningen , Netherlands Kfar Blum , Israel Jerusalem , Israel Khimki , Russia Sarajevo , Bosnia and Herzegovina Podgorica , Montenegro Belgrade , Serbia Vršac , Serbia Cologne , Germany Ludwigsburg , Germany Sofia , Bulgaria Ovar , Portugal Valencia , Spain Kypseli , Greece Athens , Greece Pau , France Zgorzelec , Poland Belgrade , Serbia Šiauliai , Lithuania Nancy , France Charleroi , Belgium Strasbourg , France Gmunden , Austria Oostende , Belgium Lyubertsy , Russia Ankara , Turkey Kazan , Russia Zadar , Croatia","[0, 0, 0, 0, 0, 0, 0, 0, 0, 0, 0, 0, 0, 0, 0, 0, 0, 0, 0, 0, 0, 0, 0, 0, 0, 0, 0, 0, 0, 0, 0, 0, 0, 0, 0, 0, 0, 0, 0, 0, 0, 0, 0, 0, 0, 0, 0, 0, 0, 0, 0, 0, 0, 0, 0, 0, 0, 0, 0, 0, 0, 0, 0, 0, 0, 0, 0, 0, 0, 0, 0, 0, 0, 0, 0, 0, 0, 0, 0, 0, 0, 0, 0, 0, 0, 0, 0, 0, 0, 0, 0, 0, 0, 0, 0, 0, 0, 0, 0, 0, 0, 0, 0, 0, 0, 0, 0, 0, 1, 0, 0, 0, 0, 0, 0, 0, 0, 0, 0, 0, 0]"
18,13570115-1,0,[],"Roger Clemens Lance Parrish Wally Joyner Lou Whitaker Wade Boggs Cal Ripken, Jr. Kirby Puckett Dave Winfield Rickey Henderson","[0, 0, 0, 0, 0, 0, 0, 0, 0, 0, 0, 0, 0, 0, 0, 0, 0, 0, 0, 0, 0, 0, 0, 0, 0, 0, 0, 0, 0, 0, 0, 0, 0, 0, 0, 0, 0, 0, 0, 0, 0, 0, 0, 0, 0, 0, 0, 0, 0, 0, 0, 0, 0, 0, 0, 0, 0, 0, 0, 0, 0, 0, 0, 0, 0, 0, 0, 0, 0, 0, 0, 0, 0, 0, 0, 0, 0, 0, 0, 0, 0, 0, 0, 0, 0, 0, 0, 0, 0, 0, 0, 0, 0, 0, 0, 0, 0, 0, 0, 0, 0, 0, 0, 0, 0, 0, 0, 0, 0, 0, 0, 0, 0, 0, 0, 0, 0, 0, 0, 0, 0]"
19,13570115-1,1,"['sports.pro_athlete.teams-sports.sports_team_roster.position', 'baseball.baseball_player.position_s']",P C 1B 2B 3B SS OF OF OF,"[0, 0, 0, 0, 0, 0, 0, 0, 0, 0, 0, 0, 0, 0, 0, 0, 0, 0, 0, 0, 0, 0, 0, 0, 0, 0, 1, 0, 0, 0, 0, 0, 0, 0, 0, 0, 0, 0, 0, 0, 0, 0, 0, 0, 0, 0, 0, 0, 0, 0, 0, 0, 0, 0, 0, 0, 0, 0, 0, 0, 0, 0, 0, 0, 0, 0, 0, 0, 0, 0, 0, 0, 0, 0, 0, 0, 0, 0, 0, 0, 0, 0, 0, 0, 0, 0, 0, 0, 0, 0, 0, 0, 0, 0, 0, 1, 0, 0, 0, 0, 0, 0, 0, 0, 0, 0, 0, 0, 0, 0, 0, 0, 0, 0, 0, 0, 0, 0, 0, 0, 0]"
20,13570115-1,2,['baseball.baseball_player.batting_stats-baseball.batting_statistics.team'],Red Sox Tigers Angels Tigers Red Sox Orioles Twins Yankees Yankees,"[0, 0, 0, 0, 0, 0, 0, 0, 0, 0, 0, 0, 0, 0, 0, 0, 0, 0, 0, 0, 0, 0, 0, 0, 0, 1, 0, 0, 0, 0, 0, 0, 0, 0, 0, 0, 0, 0, 0, 0, 0, 0, 0, 0, 0, 0, 0, 0, 0, 0, 0, 0, 0, 0, 0, 0, 0, 0, 0, 0, 0, 0, 0, 0, 0, 0, 0, 0, 0, 0, 0, 0, 0, 0, 0, 0, 0, 0, 0, 0, 0, 0, 0, 0, 0, 0, 0, 0, 0, 0, 0, 0, 0, 0, 0, 0, 0, 0, 0, 0, 0, 0, 0, 0, 0, 0, 0, 0, 0, 0, 0, 0, 0, 0, 0, 0, 0, 0, 0, 0, 0]"
21,13570115-5,0,[],Sid Fernandez John Franco Mike Krukow Shane Rawley Jeff Reardon Rick Rhoden Mike Scott Dave Smith Fernando Valenzuela,"[0, 0, 0, 0, 0, 0, 0, 0, 0, 0, 0, 0, 0, 0, 0, 0, 0, 0, 0, 0, 0, 0, 0, 0, 0, 0, 0, 0, 0, 0, 0, 0, 0, 0, 0, 0, 0, 0, 0, 0, 0, 0, 0, 0, 0, 0, 0, 0, 0, 0, 0, 0, 0, 0, 0, 0, 0, 0, 0, 0, 0, 0, 0, 0, 0, 0, 0, 0, 0, 0, 0, 0, 0, 0, 0, 0, 0, 0, 0, 0, 0, 0, 0, 0, 0, 0, 0, 0, 0, 0, 0, 0, 0, 0, 0, 0, 0, 0, 0, 0, 0, 0, 0, 0, 0, 0, 0, 0, 0, 0, 0, 0, 0, 0, 0, 0, 0, 0, 0, 0, 0]"
22,13570115-5,1,['baseball.baseball_player.position_s'],P P P P P P P P P,"[0, 0, 0, 0, 0, 0, 0, 0, 0, 0, 0, 0, 0, 0, 0, 0, 0, 0, 0, 0, 0, 0, 0, 0, 0, 0, 1, 0, 0, 0, 0, 0, 0, 0, 0, 0, 0, 0, 0, 0, 0, 0, 0, 0, 0, 0, 0, 0, 0, 0, 0, 0, 0, 0, 0, 0, 0, 0, 0, 0, 0, 0, 0, 0, 0, 0, 0, 0, 0, 0, 0, 0, 0, 0, 0, 0, 0, 0, 0, 0, 0, 0, 0, 0, 0, 0, 0, 0, 0, 0, 0, 0, 0, 0, 0, 0, 0, 0, 0, 0, 0, 0, 0, 0, 0, 0, 0, 0, 0, 0, 0, 0, 0, 0, 0, 0, 0, 0, 0, 0, 0]"
23,13570115-5,2,['baseball.baseball_player.batting_stats-baseball.batting_statistics.team'],Mets Reds Giants Phillies Expos Pirates Astros Astros Dodgers,"[0, 0, 0, 0, 0, 0, 0, 0, 0, 0, 0, 0, 0, 0, 0, 0, 0, 0, 0, 0, 0, 0, 0, 0, 0, 1, 0, 0, 0, 0, 0, 0, 0, 0, 0, 0, 0, 0, 0, 0, 0, 0, 0, 0, 0, 0, 0, 0, 0, 0, 0, 0, 0, 0, 0, 0, 0, 0, 0, 0, 0, 0, 0, 0, 0, 0, 0, 0, 0, 0, 0, 0, 0, 0, 0, 0, 0, 0, 0, 0, 0, 0, 0, 0, 0, 0, 0, 0, 0, 0, 0, 0, 0, 0, 0, 0, 0, 0, 0, 0, 0, 0, 0, 0, 0, 0, 0, 0, 0, 0, 0, 0, 0, 0, 0, 0, 0, 0, 0, 0, 0]"
24,13570115-6,0,[],Jody Davis Tony Pena Glenn Davis Steve Sax Chris Brown Hubie Brooks Kevin Bass Chili Davis Dave Parker Tim Raines,"[0, 0, 0, 0, 0, 0, 0, 0, 0, 0, 0, 0, 0, 0, 0, 0, 0, 0, 0, 0, 0, 0, 0, 0, 0, 0, 0, 0, 0, 0, 0, 0, 0, 0, 0, 0, 0, 0, 0, 0, 0, 0, 0, 0, 0, 0, 0, 0, 0, 0, 0, 0, 0, 0, 0, 0, 0, 0, 0, 0, 0, 0, 0, 0, 0, 0, 0, 0, 0, 0, 0, 0, 0, 0, 0, 0, 0, 0, 0, 0, 0, 0, 0, 0, 0, 0, 0, 0, 0, 0, 0, 0, 0, 0, 0, 0, 0, 0, 0, 0, 0, 0, 0, 0, 0, 0, 0, 0, 0, 0, 0, 0, 0, 0, 0, 0, 0, 0, 0, 0, 0]"
25,13570115-6,1,['baseball.baseball_player.position_s'],C C 1B 2B 3B SS OF OF OF OF,"[0, 0, 0, 0, 0, 0, 0, 0, 0, 0, 0, 0, 0, 0, 0, 0, 0, 0, 0, 0, 0, 0, 0, 0, 0, 0, 1, 0, 0, 0, 0, 0, 0, 0, 0, 0, 0, 0, 0, 0, 0, 0, 0, 0, 0, 0, 0, 0, 0, 0, 0, 0, 0, 0, 0, 0, 0, 0, 0, 0, 0, 0, 0, 0, 0, 0, 0, 0, 0, 0, 0, 0, 0, 0, 0, 0, 0, 0, 0, 0, 0, 0, 0, 0, 0, 0, 0, 0, 0, 0, 0, 0, 0, 0, 0, 0, 0, 0, 0, 0, 0, 0, 0, 0, 0, 0, 0, 0, 0, 0, 0, 0, 0, 0, 0, 0, 0, 0, 0, 0, 0]"
26,13570115-6,2,['baseball.baseball_player.batting_stats-baseball.batting_statistics.team'],Cubs Pirates Astros Dodgers Giants Expos Astros Giants Reds Expos,"[0, 0, 0, 0, 0, 0, 0, 0, 0, 0, 0, 0, 0, 0, 0, 0, 0, 0, 0, 0, 0, 0, 0, 0, 0, 1, 0, 0, 0, 0, 0, 0, 0, 0, 0, 0, 0, 0, 0, 0, 0, 0, 0, 0, 0, 0, 0, 0, 0, 0, 0, 0, 0, 0, 0, 0, 0, 0, 0, 0, 0, 0, 0, 0, 0, 0, 0, 0, 0, 0, 0, 0, 0, 0, 0, 0, 0, 0, 0, 0, 0, 0, 0, 0, 0, 0, 0, 0, 0, 0, 0, 0, 0, 0, 0, 0, 0, 0, 0, 0, 0, 0, 0, 0, 0, 0, 0, 0, 0, 0, 0, 0, 0, 0, 0, 0, 0, 0, 0, 0, 0]"
27,13589741-1,0,[],DZXL Radyo Mo Nationwide! 558 Super Radyo DZBB 594 DZMM Radyo Patrol 630 DZRH Nationwide 666 702 DZAS Agapay ng Sambayanan DZRB Radyo ng Bayan 738 DWWW 774 The Music of Your Life The Voice of The Philippines DZRJ 810 Veritas 846 Radyo Totoo DWIZ 882 Todong Lakas! DZSR Sports Radio 918 DZEM INC Radio 954 DZIQ Radyo Inquirer 990 DZAR Sonshine Radio 1026 DZEC Radyo Agila 1062 DWAD Radyo Ngayon DWDD 1134 Armed Forces Radio DWBL 1242 Serbisyo Publiko DZRM 1278 Radyo Magasin DWXI 1314 Himpilang Pinagpala UNTV Radyo La Verdad DWUN 1350 DWSS 1494 Entertainment Radio DZME 1530 Radyo Uno DZUP 1602 DZBF Radyo Marikina 1674,"[0, 0, 0, 0, 0, 0, 0, 0, 0, 0, 0, 0, 0, 0, 0, 0, 0, 0, 0, 0, 0, 0, 0, 0, 0, 0, 0, 0, 0, 0, 0, 0, 0, 0, 0, 0, 0, 0, 0, 0, 0, 0, 0, 0, 0, 0, 0, 0, 0, 0, 0, 0, 0, 0, 0, 0, 0, 0, 0, 0, 0, 0, 0, 0, 0, 0, 0, 0, 0, 0, 0, 0, 0, 0, 0, 0, 0, 0, 0, 0, 0, 0, 0, 0, 0, 0, 0, 0, 0, 0, 0, 0, 0, 0, 0, 0, 0, 0, 0, 0, 0, 0, 0, 0, 0, 0, 0, 0, 0, 0, 0, 0, 0, 0, 0, 0, 0, 0, 0, 0, 0]"
28,13589741-1,1,['broadcast.broadcast.area_served'],Metro Manila Metro Manila Metro Manila Metro Manila Metro Manila Metro Manila Metro Manila Metro Manila Metro Manila Metro Manila Metro Manila Metro Manila Metro Manila Metro Manila Metro Manila Metro Manila Metro Manila Metro Manila Metro Manila Metro Manila Metro Manila Metro Manila Metro Manila Metro Manila Marikina City,"[0, 0, 0, 0, 0, 0, 0, 0, 0, 0, 0, 0, 0, 0, 0, 0, 0, 0, 0, 0, 0, 0, 0, 0, 0, 0, 0, 0, 0, 0, 0, 1, 0, 0, 0, 0, 0, 0, 0, 0, 0, 0, 0, 0, 0, 0, 0, 0, 0, 0, 0, 0, 0, 0, 0, 0, 0, 0, 0, 0, 0, 0, 0, 0, 0, 0, 0, 0, 0, 0, 0, 0, 0, 0, 0, 0, 0, 0, 0, 0, 0, 0, 0, 0, 0, 0, 0, 0, 0, 0, 0, 0, 0, 0, 0, 0, 0, 0, 0, 0, 0, 0, 0, 0, 0, 0, 0, 0, 0, 0, 0, 0, 0, 0, 0, 0, 0, 0, 0, 0, 0]"
29,573418-16,0,[],Natascha Ragosina Jessica Rakoczy Elena Reid Suzanne Riccio-Major Lucia Rijker Bridgett Riley Leatitia Robinson Michelle Rodriguez,"[0, 0, 0, 0, 0, 0, 0, 0, 0, 0, 0, 0, 0, 0, 0, 0, 0, 0, 0, 0, 0, 0, 0, 0, 0, 0, 0, 0, 0, 0, 0, 0, 0, 0, 0, 0, 0, 0, 0, 0, 0, 0, 0, 0, 0, 0, 0, 0, 0, 0, 0, 0, 0, 0, 0, 0, 0, 0, 0, 0, 0, 0, 0, 0, 0, 0, 0, 0, 0, 0, 0, 0, 0, 0, 0, 0, 0, 0, 0, 0, 0, 0, 0, 0, 0, 0, 0, 0, 0, 0, 0, 0, 0, 0, 0, 0, 0, 0, 0, 0, 0, 0, 0, 0, 0, 0, 0, 0, 0, 0, 0, 0, 0, 0, 0, 0, 0, 0, 0, 0, 0]"
30,573418-16,1,['people.person.nationality'],Russia Canada USA USA Germany USA USA USA,"[0, 0, 0, 0, 0, 0, 0, 0, 0, 0, 0, 0, 0, 0, 0, 0, 0, 0, 0, 0, 0, 0, 0, 0, 0, 0, 0, 0, 0, 0, 0, 0, 0, 0, 0, 0, 0, 0, 0, 0, 0, 0, 0, 0, 0, 0, 0, 0, 0, 0, 0, 0, 0, 0, 0, 0, 0, 0, 0, 0, 0, 0, 0, 0, 0, 0, 0, 0, 0, 0, 0, 0, 0, 0, 0, 0, 0, 0, 0, 0, 0, 0, 0, 0, 0, 0, 0, 1, 0, 0, 0, 0, 0, 0, 0, 0, 0, 0, 0, 0, 0, 0, 0, 0, 0, 0, 0, 0, 0, 0, 0, 0, 0, 0, 0, 0, 0, 0, 0, 0, 0]"
31,575008-4,0,[],Carleton University Concordia University McGill University Université de Montréal University of Ottawa,"[0, 0, 0, 0, 0, 0, 0, 0, 0, 0, 0, 0, 0, 0, 0, 0, 0, 0, 0, 0, 0, 0, 0, 0, 0, 0, 0, 0, 0, 0, 0, 0, 0, 0, 0, 0, 0, 0, 0, 0, 0, 0, 0, 0, 0, 0, 0, 0, 0, 0, 0, 0, 0, 0, 0, 0, 0, 0, 0, 0, 0, 0, 0, 0, 0, 0, 0, 0, 0, 0, 0, 0, 0, 0, 0, 0, 0, 0, 0, 0, 0, 0, 0, 0, 0, 0, 0, 0, 0, 0, 0, 0, 0, 0, 0, 0, 0, 0, 0, 0, 0, 0, 0, 0, 0, 0, 0, 0, 0, 0, 0, 0, 0, 0, 0, 0, 0, 0, 0, 0, 0]"
32,575008-4,1,"['organization.organization.headquarters-location.mailing_address.citytown', 'location.location.containedby']",Ottawa Montreal Montreal Montreal Ottawa,"[0, 0, 0, 0, 0, 0, 0, 0, 0, 0, 0, 0, 0, 0, 0, 0, 0, 0, 0, 0, 0, 0, 0, 0, 0, 0, 0, 0, 0, 0, 0, 0, 0, 0, 0, 0, 0, 0, 0, 0, 0, 0, 0, 0, 0, 0, 0, 0, 0, 0, 0, 0, 0, 0, 0, 0, 0, 0, 0, 0, 0, 0, 0, 0, 0, 1, 0, 0, 0, 0, 0, 0, 0, 0, 0, 0, 0, 0, 0, 0, 0, 0, 1, 0, 0, 0, 0, 0, 0, 0, 0, 0, 0, 0, 0, 0, 0, 0, 0, 0, 0, 0, 0, 0, 0, 0, 0, 0, 0, 0, 0, 0, 0, 0, 0, 0, 0, 0, 0, 0, 0]"
33,575008-4,2,"['organization.organization.headquarters-location.mailing_address.state_province_region', 'location.location.containedby']",ON QC QC QC ON,"[0, 0, 0, 0, 0, 0, 0, 0, 0, 0, 0, 0, 0, 0, 0, 0, 0, 0, 0, 0, 0, 0, 0, 0, 0, 0, 0, 0, 0, 0, 0, 0, 0, 0, 0, 0, 0, 0, 0, 0, 0, 0, 0, 0, 0, 0, 0, 0, 0, 0, 0, 0, 0, 0, 0, 0, 0, 0, 0, 0, 0, 0, 0, 0, 0, 1, 0, 0, 0, 0, 0, 0, 0, 0, 0, 0, 0, 0, 0, 0, 0, 0, 0, 0, 1, 0, 0, 0, 0, 0, 0, 0, 0, 0, 0, 0, 0, 0, 0, 0, 0, 0, 0, 0, 0, 0, 0, 0, 0, 0, 0, 0, 0, 0, 0, 0, 0, 0, 0, 0, 0]"
34,25773335-1,0,[],Kareem Jackson Ben Tate Earl Mitchell Darryl Sharpton Garrett Graham Sherrick McManis Shelley Smith Trindon Holliday Dorin Dickerson,"[0, 0, 0, 0, 0, 0, 0, 0, 0, 0, 0, 0, 0, 0, 0, 0, 0, 0, 0, 0, 0, 0, 0, 0, 0, 0, 0, 0, 0, 0, 0, 0, 0, 0, 0, 0, 0, 0, 0, 0, 0, 0, 0, 0, 0, 0, 0, 0, 0, 0, 0, 0, 0, 0, 0, 0, 0, 0, 0, 0, 0, 0, 0, 0, 0, 0, 0, 0, 0, 0, 0, 0, 0, 0, 0, 0, 0, 0, 0, 0, 0, 0, 0, 0, 0, 0, 0, 0, 0, 0, 0, 0, 0, 0, 0, 0, 0, 0, 0, 0, 0, 0, 0, 0, 0, 0, 0, 0, 0, 0, 0, 0, 0, 0, 0, 0, 0, 0, 0, 0, 0]"
35,25773335-1,1,"['sports.pro_athlete.teams-sports.sports_team_roster.position', 'american_football.football_player.position_s']",Cornerback Running back Defensive tackle Linebacker Tight end Cornerback Offensive guard Wide receiver Tight end,"[0, 1, 0, 0, 0, 0, 0, 0, 0, 0, 0, 0, 0, 0, 0, 0, 0, 0, 0, 0, 0, 0, 0, 0, 0, 0, 0, 0, 0, 0, 0, 0, 0, 0, 0, 0, 0, 0, 0, 0, 0, 0, 0, 0, 0, 0, 0, 0, 0, 0, 0, 0, 0, 0, 0, 0, 0, 0, 0, 0, 0, 0, 0, 0, 0, 0, 0, 0, 0, 0, 0, 0, 0, 0, 0, 0, 0, 0, 0, 0, 0, 0, 0, 0, 0, 0, 0, 0, 0, 0, 0, 0, 0, 0, 0, 1, 0, 0, 0, 0, 0, 0, 0, 0, 0, 0, 0, 0, 0, 0, 0, 0, 0, 0, 0, 0, 0, 0, 0, 0, 0]"
36,15450948-2,0,[],Bingham-Blossom House Brelsford House Dixie Court Hotel Hibiscus Apartments Palm Beach Winter Club,"[0, 0, 0, 0, 0, 0, 0, 0, 0, 0, 0, 0, 0, 0, 0, 0, 0, 0, 0, 0, 0, 0, 0, 0, 0, 0, 0, 0, 0, 0, 0, 0, 0, 0, 0, 0, 0, 0, 0, 0, 0, 0, 0, 0, 0, 0, 0, 0, 0, 0, 0, 0, 0, 0, 0, 0, 0, 0, 0, 0, 0, 0, 0, 0, 0, 0, 0, 0, 0, 0, 0, 0, 0, 0, 0, 0, 0, 0, 0, 0, 0, 0, 0, 0, 0, 0, 0, 0, 0, 0, 0, 0, 0, 0, 0, 0, 0, 0, 0, 0, 0, 0, 0, 0, 0, 0, 0, 0, 0, 0, 0, 0, 0, 0, 0, 0, 0, 0, 0, 0, 0]"
37,15450948-2,1,"['location.location.street_address-location.mailing_address.citytown', 'location.location.containedby']",Palm Beach Palm Beach West Palm Beach West Palm Beach North Palm Beach,"[0, 0, 0, 0, 0, 0, 0, 0, 0, 0, 0, 0, 0, 0, 0, 0, 0, 0, 0, 0, 0, 0, 0, 0, 0, 0, 0, 0, 0, 0, 0, 0, 0, 0, 0, 0, 0, 0, 0, 0, 0, 0, 0, 0, 0, 0, 0, 0, 0, 0, 0, 0, 0, 0, 0, 0, 0, 0, 0, 0, 0, 0, 0, 0, 0, 1, 0, 0, 1, 0, 0, 0, 0, 0, 0, 0, 0, 0, 0, 0, 0, 0, 0, 0, 0, 0, 0, 0, 0, 0, 0, 0, 0, 0, 0, 0, 0, 0, 0, 0, 0, 0, 0, 0, 0, 0, 0, 0, 0, 0, 0, 0, 0, 0, 0, 0, 0, 0, 0, 0, 0]"
38,15453158-1,0,[],Alhambra BlazBlue: Chronophantasma → The Chronicles of Narnia: The Voyage of the Dawn Treader → Cipher Complex Coraline The Dark Knight Dead or Alive: Code Chronos Dirty Harry Dreamkiller Fear & Respect Gears of War: Exile Halo: Chronicles HEI$T → Harker Haze Indiana Jones and the Staff of Kings The Lord of the Rings: The White Council Katamari Forever Marvel Universe Online NBA Elite 11 Noby Noby Boy Pirates of the Caribbean: Armada of the Damned → S.T.A.L.K.E.R. 2 → Scarface: The World Is Yours → Sonic Riders: Zero Gravity The Sopranos: Road to Respect The Tale of Despereaux Talisman This is Vegas Tiberium The Witcher: Rise of the White Wolf World in Conflict: Soviet Assault,"[0, 0, 0, 0, 0, 0, 0, 0, 0, 0, 0, 0, 0, 0, 0, 0, 0, 0, 0, 0, 0, 0, 0, 0, 0, 0, 0, 0, 0, 0, 0, 0, 0, 0, 0, 0, 0, 0, 0, 0, 0, 0, 0, 0, 0, 0, 0, 0, 0, 0, 0, 0, 0, 0, 0, 0, 0, 0, 0, 0, 0, 0, 0, 0, 0, 0, 0, 0, 0, 0, 0, 0, 0, 0, 0, 0, 0, 0, 0, 0, 0, 0, 0, 0, 0, 0, 0, 0, 0, 0, 0, 0, 0, 0, 0, 0, 0, 0, 0, 0, 0, 0, 0, 0, 0, 0, 0, 0, 0, 0, 0, 0, 0, 0, 0, 0, 0, 0, 0, 0, 0]"
39,15453158-1,1,"['cvg.computer_videogame.developer', 'base.wikipedia_infobox.video_game.developer']","Vivendi Games Arc System Works Nihilistic Software Edge of Reality Papaya Studio Mistwalker , Artoon Pandemic Studios Team Ninja Terminal Reality , Tiger Hill Entertainment The Collective, Inc. Mindware Studios Edge of Reality Namco Bandai Games Digital Anvil Epic Games AQ Interactive inXile Entertainment Double Helix Games Free Radical Design A2M EA Redwood Shores Namco Bandai Ubisoft Cryptic Studios EA Canada Namco Bandai Games Propaganda Games GSC Game World Radical Entertainment Sonic Team Big Rooster Surreal Software EA Los Angeles CD Projekt RED STUDIO Swordfish Studios","[0, 0, 0, 0, 0, 0, 0, 0, 0, 0, 0, 0, 0, 0, 0, 0, 0, 0, 0, 0, 0, 0, 0, 1, 0, 0, 0, 0, 0, 0, 0, 0, 1, 0, 0, 0, 0, 0, 0, 0, 0, 0, 0, 0, 0, 0, 0, 0, 0, 0, 0, 0, 0, 0, 0, 0, 0, 0, 0, 0, 0, 0, 0, 0, 0, 0, 0, 0, 0, 0, 0, 0, 0, 0, 0, 0, 0, 0, 0, 0, 0, 0, 0, 0, 0, 0, 0, 0, 0, 0, 0, 0, 0, 0, 0, 0, 0, 0, 0, 0, 0, 0, 0, 0, 0, 0, 0, 0, 0, 0, 0, 0, 0, 0, 0, 0, 0, 0, 0, 0, 0]"
40,15453158-1,2,['cvg.computer_videogame.publisher'],"Vivendi Games Aksys Games Disney Interactive Studios Sega D3 Publisher AQ Interactive Electronic Arts Tecmo Majesco Entertainment Warner Bros. Interactive Entertainment Aspyr Midway Games Namco Bandai Games Microsoft Game Studios Microsoft Game Studios Square Enix Microsoft Game Studios Codemasters N/A Ubisoft LucasArts Electronic Arts Namco Bandai Ubisoft Microsoft Game Studios EA Sports Namco Bandai Games Disney Interactive Studios GSC World Publishing Sierra Entertainment Sega THQ Brash Entertainment Capcom Warner Bros. Interactive EA Games Atari, Inc Ubisoft","[0, 0, 0, 0, 0, 0, 0, 0, 0, 0, 0, 0, 0, 0, 0, 0, 0, 0, 0, 0, 0, 0, 0, 0, 0, 0, 0, 0, 0, 0, 0, 0, 0, 1, 0, 0, 0, 0, 0, 0, 0, 0, 0, 0, 0, 0, 0, 0, 0, 0, 0, 0, 0, 0, 0, 0, 0, 0, 0, 0, 0, 0, 0, 0, 0, 0, 0, 0, 0, 0, 0, 0, 0, 0, 0, 0, 0, 0, 0, 0, 0, 0, 0, 0, 0, 0, 0, 0, 0, 0, 0, 0, 0, 0, 0, 0, 0, 0, 0, 0, 0, 0, 0, 0, 0, 0, 0, 0, 0, 0, 0, 0, 0, 0, 0, 0, 0, 0, 0, 0, 0]"
